id,alias,name,image_url,is_closed,url,review_count,rating,transactions,phone,display_phone,distance,coordinates.latitude,coordinates.longitude,location.address1,location.address2,location.address3,location.city,location.zip_code,location.country,location.state,location.display_address,station,price
o0AHPpZqqWc8jszVVNbooA,au-chien-chic-calais,Au Chien Chic,,False,https://www.yelp.com/biz/au-chien-chic-calais?adjust_creative=cBr4t0M-GgBXDDCBqu5SRg&utm_campaign=yelp_api_v3&utm_medium=api_v3_business_search&utm_source=cBr4t0M-GgBXDDCBqu5SRg,1.0,5.0,[],33321977352.0,+33 3 21 97 73 52,984.5396686269312,50.9459,1.87713,198 Boulevard Egalité,,,Calais,62100,FR,62,"['198 Boulevard Egalité', '62100 Calais', 'France']",a,
WU6IaRGdEkYOm6r3QZOuUw,l-absinthe-calais-2,L'Absinthe,https://s3-media4.fl.yelpcdn.com/bphoto/1fVNlmqkJKyQgjOuQYqxiQ/o.jpg,False,https://www.yelp.com/biz/l-absinthe-calais-2?adjust_creative=cBr4t0M-GgBXDDCBqu5SRg&utm_campaign=yelp_api_v3&utm_medium=api_v3_business_search&utm_source=cBr4t0M-GgBXDDCBqu5SRg,2.0,4.0,[],33669123862.0,+33 6 69 12 38 62,311.80354863576565,50.9590699,1.85026,12 rue la Paix,Bar,,Calais,62100,FR,62,"['12 rue la Paix', 'Bar', '62100 Calais', 'France']",a,
8sdlNaz1z5PosLyL8qPMIA,campanile-calais,Campanile,https://s3-media2.fl.yelpcdn.com/bphoto/dXT2IoZ8JuB5rM0yFm7VJA/o.jpg,False,https://www.yelp.com/biz/campanile-calais?adjust_creative=cBr4t0M-GgBXDDCBqu5SRg&utm_campaign=yelp_api_v3&utm_medium=api_v3_business_search&utm_source=cBr4t0M-GgBXDDCBqu5SRg,1.0,2.0,[],33321343070.0,+33 3 21 34 30 70,998.5744952491982,50.948366,1.877353,35 Rue de Maubeuge - ZAC du Beau Marais,,,Calais,62100,FR,62,"['35 Rue de Maubeuge - ZAC du Beau Marais', '62100 Calais', 'France']",a,
8gdWT3_-ssBF4KOfvuRSFA,calais-ferry-terminal-calais,Calais Ferry Terminal,https://s3-media3.fl.yelpcdn.com/bphoto/svPkAH5TO8Fre5TTCK4WaA/o.jpg,False,https://www.yelp.com/biz/calais-ferry-terminal-calais?adjust_creative=cBr4t0M-GgBXDDCBqu5SRg&utm_campaign=yelp_api_v3&utm_medium=api_v3_business_search&utm_source=cBr4t0M-GgBXDDCBqu5SRg,5.0,3.5,[],,,701.1779341390932,50.9657593,1.86696,Ave du Commandant Cousteau,,,Calais,62100,FR,62,"['Ave du Commandant Cousteau', '62100 Calais', 'France']",b,€€€€
NIGgI2mh1-Y4LBEzhF6Rew,la-buissonnière-calais-5,La Buissonnière,https://s3-media4.fl.yelpcdn.com/bphoto/EuvH1JzBwmzaBeyvJFHNVQ/o.jpg,False,https://www.yelp.com/biz/la-buissonni%C3%A8re-calais-5?adjust_creative=cBr4t0M-GgBXDDCBqu5SRg&utm_campaign=yelp_api_v3&utm_medium=api_v3_business_search&utm_source=cBr4t0M-GgBXDDCBqu5SRg,2.0,5.0,[],33321962232.0,+33 3 21 96 22 32,323.9382724215263,50.947806,1.854087,10 Rue Neuve,,,Calais,62100,FR,62,"['10 Rue Neuve', '62100 Calais', 'France']",01 : Lafayette,
m7fZizhIXQXjYs1TtqzsGA,les-bourgeois-de-calais-calais,Les Bourgeois de Calais,https://s3-media3.fl.yelpcdn.com/bphoto/uiiEqutn5lWGUIYEED2FWw/o.jpg,False,https://www.yelp.com/biz/les-bourgeois-de-calais-calais?adjust_creative=cBr4t0M-GgBXDDCBqu5SRg&utm_campaign=yelp_api_v3&utm_medium=api_v3_business_search&utm_source=cBr4t0M-GgBXDDCBqu5SRg,3.0,4.5,[],,,725.6688412595801,50.9523659902299,1.85342276370894,Place du Soldat Inconnu,,,Calais,62100,FR,62,"['Place du Soldat Inconnu', '62100 Calais', 'France']",01 : Lafayette,
x6mnSevWdonoG8vRWBmB4w,café-de-la-renaissance-calais-2,Café de la Renaissance,,False,https://www.yelp.com/biz/caf%C3%A9-de-la-renaissance-calais-2?adjust_creative=cBr4t0M-GgBXDDCBqu5SRg&utm_campaign=yelp_api_v3&utm_medium=api_v3_business_search&utm_source=cBr4t0M-GgBXDDCBqu5SRg,1.0,5.0,[],33321820379.0,+33 3 21 82 03 79,350.6006912766799,50.9465808,1.8532987,7 Rue Darnel,,,Calais,62100,FR,62,"['7 Rue Darnel', '62100 Calais', 'France']",01 : Lafayette,€€
0LakTdI7Fh4WVoZUvEB17g,pizza-doms-calais-2,Pizza Dom's,,False,https://www.yelp.com/biz/pizza-doms-calais-2?adjust_creative=cBr4t0M-GgBXDDCBqu5SRg&utm_campaign=yelp_api_v3&utm_medium=api_v3_business_search&utm_source=cBr4t0M-GgBXDDCBqu5SRg,4.0,4.5,[],33321970909.0,+33 3 21 97 09 09,239.6393118149116,50.9457,1.861404,143 Boulevard Lafayette,,,Calais,62100,FR,59,"['143 Boulevard Lafayette', '62100 Calais', 'France']",01 : Lafayette,
_ySViM0hJA11Y1Dxi78LzA,au-1000-borg-calais,Au 1000 Borg,,False,https://www.yelp.com/biz/au-1000-borg-calais?adjust_creative=cBr4t0M-GgBXDDCBqu5SRg&utm_campaign=yelp_api_v3&utm_medium=api_v3_business_search&utm_source=cBr4t0M-GgBXDDCBqu5SRg,1.0,5.0,[],33321343372.0,+33 3 21 34 33 72,440.55712299376034,50.94519,1.8641739,215 bd Lafayette,,,Calais,62100,FR,62,"['215 bd Lafayette', '62100 Calais', 'France']",01 : Lafayette,
h8vwDgh4ad6yShzDGD_adg,café-le-mirador-calais,Café Le Mirador,,False,https://www.yelp.com/biz/caf%C3%A9-le-mirador-calais?adjust_creative=cBr4t0M-GgBXDDCBqu5SRg&utm_campaign=yelp_api_v3&utm_medium=api_v3_business_search&utm_source=cBr4t0M-GgBXDDCBqu5SRg,1.0,5.0,[],33321343556.0,+33 3 21 34 35 56,427.2011367894205,50.9492776,1.8539153,47 Boulevard Jacquard,,,Calais,62100,FR,62,"['47 Boulevard Jacquard', '62100 Calais', 'France']",01 : Lafayette,€€
4vyrMDK7ObcsrKkcCLfKkA,sushi-kyo-calais,Sushi Kyo,,False,https://www.yelp.com/biz/sushi-kyo-calais?adjust_creative=cBr4t0M-GgBXDDCBqu5SRg&utm_campaign=yelp_api_v3&utm_medium=api_v3_business_search&utm_source=cBr4t0M-GgBXDDCBqu5SRg,6.0,4.0,[],33321007888.0,+33 3 21 00 78 88,601.6512217826701,50.9511968,1.8537485,Boulevard Jacquard,,,Calais,62100,FR,62,"['Boulevard Jacquard', '62100 Calais', 'France']",01 : Lafayette,€€
HTQZ7_gb_iAi50t4ryPI1w,sushi-kyo-calais-2,Sushi Kyo,,False,https://www.yelp.com/biz/sushi-kyo-calais-2?adjust_creative=cBr4t0M-GgBXDDCBqu5SRg&utm_campaign=yelp_api_v3&utm_medium=api_v3_business_search&utm_source=cBr4t0M-GgBXDDCBqu5SRg,1.0,5.0,[],,,521.138925764264,50.95129,1.858686,Centre Commercial Des 4 Boulevards,,,Calais,62100,FR,62,"['Centre Commercial Des 4 Boulevards', '62100 Calais', 'France']",01 : Lafayette,
t2A4bSLFAQXRY9zRTx08XA,fred-calais,Fred,,False,https://www.yelp.com/biz/fred-calais?adjust_creative=cBr4t0M-GgBXDDCBqu5SRg&utm_campaign=yelp_api_v3&utm_medium=api_v3_business_search&utm_source=cBr4t0M-GgBXDDCBqu5SRg,3.0,4.5,[],33321348989.0,+33 3 21 34 89 89,653.688083937852,50.9517522,1.853782,120 Boulevard Jacquard,,,Calais,62100,FR,62,"['120 Boulevard Jacquard', '62100 Calais', 'France']",01 : Lafayette,€€
2-h4Ywgr-DCGmXcdoVDuCg,chouchen-calais,chouchen,,False,https://www.yelp.com/biz/chouchen-calais?adjust_creative=cBr4t0M-GgBXDDCBqu5SRg&utm_campaign=yelp_api_v3&utm_medium=api_v3_business_search&utm_source=cBr4t0M-GgBXDDCBqu5SRg,2.0,4.5,[],33321356600.0,+33 3 21 35 66 00,477.7103042070743,50.9445,1.8523901,40 Rue des Fontinettes,,,Calais,62100,FR,62,"['40 Rue des Fontinettes', '62100 Calais', 'France']",01 : Lafayette,
ddNc_8r5dzua6WWLF18MJA,au-calice-calais,Au Calice,https://s3-media3.fl.yelpcdn.com/bphoto/St_UytKLhbhQawWGP7Lh2w/o.jpg,False,https://www.yelp.com/biz/au-calice-calais?adjust_creative=cBr4t0M-GgBXDDCBqu5SRg&utm_campaign=yelp_api_v3&utm_medium=api_v3_business_search&utm_source=cBr4t0M-GgBXDDCBqu5SRg,12.0,3.5,[],33321345178.0,+33 3 21 34 51 78,452.0127984860592,50.949498,1.853763,55 boulevard Jacquard,,,Calais,62100,FR,62,"['55 boulevard Jacquard', '62100 Calais', 'France']",01 : Lafayette,
Nn2NxVA1hqh5qNUAlM_zIA,métropol-hôtel-calais-4,Métropol Hôtel,,False,https://www.yelp.com/biz/m%C3%A9tropol-h%C3%B4tel-calais-4?adjust_creative=cBr4t0M-GgBXDDCBqu5SRg&utm_campaign=yelp_api_v3&utm_medium=api_v3_business_search&utm_source=cBr4t0M-GgBXDDCBqu5SRg,2.0,4.0,[],33321975400.0,+33 3 21 97 54 00,1025.3585333796025,50.95356,1.848684,45 quai du Rhin,,,Calais,62100,FR,62,"['45 quai du Rhin', '62100 Calais', 'France']",01 : Lafayette,
AitImzmkUvN_7jVVwXxKyA,le-channel-scène-nationale-de-calais-calais-4,Le Channel Scène Nationale de Calais,https://s3-media3.fl.yelpcdn.com/bphoto/jl6vuWamV5lYKPMpVx4w8w/o.jpg,False,https://www.yelp.com/biz/le-channel-sc%C3%A8ne-nationale-de-calais-calais-4?adjust_creative=cBr4t0M-GgBXDDCBqu5SRg&utm_campaign=yelp_api_v3&utm_medium=api_v3_business_search&utm_source=cBr4t0M-GgBXDDCBqu5SRg,2.0,4.0,[],33321467700.0,+33 3 21 46 77 00,727.9322401684057,50.94699,1.84793,173 Boulevard Gambetta,,,Calais,62100,FR,62,"['173 Boulevard Gambetta', '62100 Calais', 'France']",01 : Lafayette,
P54hBGV43Reb_FrWjQ8sYw,le-garden-calais,Le Garden,https://s3-media1.fl.yelpcdn.com/bphoto/CZtGBhmCHF1u4GZjj4Wh8A/o.jpg,False,https://www.yelp.com/biz/le-garden-calais?adjust_creative=cBr4t0M-GgBXDDCBqu5SRg&utm_campaign=yelp_api_v3&utm_medium=api_v3_business_search&utm_source=cBr4t0M-GgBXDDCBqu5SRg,1.0,4.0,[],33321365587.0,+33 3 21 36 55 87,411.6728344818313,50.9476211,1.8526503,26 bd Gambetta,,,Calais,62100,FR,62,"['26 bd Gambetta', '62100 Calais', 'France']",01 : Lafayette,€€
HOh4wOol1H-2-_HdxIgeeA,le-thaï-palace-calais,Le Thaï Palace,,False,https://www.yelp.com/biz/le-tha%C3%AF-palace-calais?adjust_creative=cBr4t0M-GgBXDDCBqu5SRg&utm_campaign=yelp_api_v3&utm_medium=api_v3_business_search&utm_source=cBr4t0M-GgBXDDCBqu5SRg,1.0,4.0,[],33321347774.0,+33 3 21 34 77 74,1060.9067361898162,50.943112,1.8723916,123 Boulevard Victor Hugo,,,Calais,62100,FR,62,"['123 Boulevard Victor Hugo', '62100 Calais', 'France']",01 : Lafayette,
pmuw4TBXX3rm-qCFrpbhcg,la-pataterie-calais-2,La Pataterie,,False,https://www.yelp.com/biz/la-pataterie-calais-2?adjust_creative=cBr4t0M-GgBXDDCBqu5SRg&utm_campaign=yelp_api_v3&utm_medium=api_v3_business_search&utm_source=cBr4t0M-GgBXDDCBqu5SRg,1.0,4.0,[],33321971871.0,+33 3 21 97 18 71,163.33430758295273,50.945831,1.86028,118 Boulevard Lafayette,,,Calais,62100,FR,59,"['118 Boulevard Lafayette', '62100 Calais', 'France']",01 : Lafayette,
yiWBrqrlMyADaz6oq-8GlA,la-pataterie-calais,La Pataterie,,False,https://www.yelp.com/biz/la-pataterie-calais?adjust_creative=cBr4t0M-GgBXDDCBqu5SRg&utm_campaign=yelp_api_v3&utm_medium=api_v3_business_search&utm_source=cBr4t0M-GgBXDDCBqu5SRg,1.0,4.0,[],33321971871.0,+33 3 21 97 18 71,177.67387665131503,50.9457969,1.8604866,118 Boulevard La Fayette,,,Calais,62100,FR,62,"['118 Boulevard La Fayette', '62100 Calais', 'France']",01 : Lafayette,
hJtBC1eTg9n5uKChjXjlWA,aux-chardons-de-la-cote-d-opale-calais-3,Aux Chardons De La Cote D'Opale,,False,https://www.yelp.com/biz/aux-chardons-de-la-cote-d-opale-calais-3?adjust_creative=cBr4t0M-GgBXDDCBqu5SRg&utm_campaign=yelp_api_v3&utm_medium=api_v3_business_search&utm_source=cBr4t0M-GgBXDDCBqu5SRg,1.0,3.0,[],,,70.7564920748327,50.9462468,1.8591328,92 Boulevard la Fayette,,,Calais,62100,FR,62,"['92 Boulevard la Fayette', '62100 Calais', 'France']",01 : Lafayette,
cJidt90EUPJ-IaYODAlE-w,cafe-du-théâtre-calais-3,Cafe du Théâtre,,False,https://www.yelp.com/biz/cafe-du-th%C3%A9%C3%A2tre-calais-3?adjust_creative=cBr4t0M-GgBXDDCBqu5SRg&utm_campaign=yelp_api_v3&utm_medium=api_v3_business_search&utm_source=cBr4t0M-GgBXDDCBqu5SRg,1.0,3.0,[],33321364100.0,+33 3 21 36 41 00,293.8150714442659,50.9471518,1.8541983,9 Boulevard Pasteur,,,Calais,62100,FR,62,"['9 Boulevard Pasteur', '62100 Calais', 'France']",01 : Lafayette,
DFlAo1zh325hYnX6YnNLjg,le-thomé-de-gamond-calais,Le Thomé de Gamond,,False,https://www.yelp.com/biz/le-thom%C3%A9-de-gamond-calais?adjust_creative=cBr4t0M-GgBXDDCBqu5SRg&utm_campaign=yelp_api_v3&utm_medium=api_v3_business_search&utm_source=cBr4t0M-GgBXDDCBqu5SRg,2.0,2.5,[],33321823203.0,+33 3 21 82 32 03,910.2437965233504,50.94836922,1.87099222,Mont Hubert,Cap Blanc-Nez,,Calais,62179,FR,62,"['Mont Hubert', 'Cap Blanc-Nez', '62179 Calais', 'France']",01 : Lafayette,
yETTFjY9EFBd-Y5BjHLv4g,la-chênaie-calais-2,La Chênaie,,False,https://www.yelp.com/biz/la-ch%C3%AAnaie-calais-2?adjust_creative=cBr4t0M-GgBXDDCBqu5SRg&utm_campaign=yelp_api_v3&utm_medium=api_v3_business_search&utm_source=cBr4t0M-GgBXDDCBqu5SRg,2.0,5.0,[],33321961652.0,+33 3 21 96 16 52,1048.509795801967,50.9563044,1.848948,12 Rue Jean de Vienne,,,Calais,62100,FR,62,"['12 Rue Jean de Vienne', '62100 Calais', 'France']",02 : Théatre,
N3VNSNFC42OivYMebbTrqg,l-hovercraft-calais,L'Hovercraft,,False,https://www.yelp.com/biz/l-hovercraft-calais?adjust_creative=cBr4t0M-GgBXDDCBqu5SRg&utm_campaign=yelp_api_v3&utm_medium=api_v3_business_search&utm_source=cBr4t0M-GgBXDDCBqu5SRg,4.0,4.0,[],33321345973.0,+33 3 21 34 59 73,1012.9453257613396,50.956093,1.849562,11 place Foch,,,Calais,62100,FR,62,"['11 place Foch', '62100 Calais', 'France']",02 : Théatre,€€
l6wLF6vb4J_Rsodr8s-yTQ,restaurant-la-brasérade-calais,Restaurant La Brasérade,https://s3-media1.fl.yelpcdn.com/bphoto/r-l2CZZB9XtvT-KOceGBYw/o.jpg,False,https://www.yelp.com/biz/restaurant-la-bras%C3%A9rade-calais?adjust_creative=cBr4t0M-GgBXDDCBqu5SRg&utm_campaign=yelp_api_v3&utm_medium=api_v3_business_search&utm_source=cBr4t0M-GgBXDDCBqu5SRg,10.0,3.5,[],33321970259.0,+33 3 21 97 02 59,1030.620244686461,50.9562051,1.8492852,8 Rue Jean de Vienne,,,Calais,62100,FR,62,"['8 Rue Jean de Vienne', '62100 Calais', 'France']",02 : Théatre,
2tiGTlBPBU700eCwS3ZQuQ,le-sesame-calais,Le Sesame,https://s3-media2.fl.yelpcdn.com/bphoto/8UhhDCiOgNwFqhbtU0Crtw/o.jpg,False,https://www.yelp.com/biz/le-sesame-calais?adjust_creative=cBr4t0M-GgBXDDCBqu5SRg&utm_campaign=yelp_api_v3&utm_medium=api_v3_business_search&utm_source=cBr4t0M-GgBXDDCBqu5SRg,11.0,4.5,[],33321974105.0,+33 3 21 97 41 05,767.9126274525987,50.9599373,1.8482328,27 Rue Mer,,,Calais,62100,FR,62,"['27 Rue Mer', '62100 Calais', 'France']",04 : Gare SNCF,€€
JSEpFIXiy4pg5kBgGI4fDQ,la-sole-meunière-calais-7,La Sole Meunière,https://s3-media2.fl.yelpcdn.com/bphoto/DSKXC-pCC44zsiooTSNBDg/o.jpg,False,https://www.yelp.com/biz/la-sole-meuni%C3%A8re-calais-7?adjust_creative=cBr4t0M-GgBXDDCBqu5SRg&utm_campaign=yelp_api_v3&utm_medium=api_v3_business_search&utm_source=cBr4t0M-GgBXDDCBqu5SRg,6.0,4.5,[],33321344301.0,+33 3 21 34 43 01,830.3471723377762,50.9604,1.84759,1 Boulevard de la Résistance,,,Calais,62100,FR,62,"['1 Boulevard de la Résistance', '62100 Calais', 'France']",04 : Gare SNCF,€€€€
Ya9NdWrIOdbOjb5Lc35h4w,brasserie-le-centaure-calais,brasserie Le Centaure,https://s3-media2.fl.yelpcdn.com/bphoto/G3W-45afRxfNHDKvLcoEBw/o.jpg,False,https://www.yelp.com/biz/brasserie-le-centaure-calais?adjust_creative=cBr4t0M-GgBXDDCBqu5SRg&utm_campaign=yelp_api_v3&utm_medium=api_v3_business_search&utm_source=cBr4t0M-GgBXDDCBqu5SRg,5.0,4.5,[],33321343737.0,+33 3 21 34 37 37,692.5515903536593,50.9593646,1.8490058,11 Place d'Armes,,,Calais,62100,FR,62,"[""11 Place d'Armes"", '62100 Calais', 'France']",04 : Gare SNCF,
ZuozgPp6stEzPhTQjoobvA,la-tourello-calais,La Tourello,https://s3-media3.fl.yelpcdn.com/bphoto/ouxd4_DcRRZVH0NkPVTCUw/o.jpg,False,https://www.yelp.com/biz/la-tourello-calais?adjust_creative=cBr4t0M-GgBXDDCBqu5SRg&utm_campaign=yelp_api_v3&utm_medium=api_v3_business_search&utm_source=cBr4t0M-GgBXDDCBqu5SRg,9.0,4.5,[],33321960296.0,+33 3 21 96 02 96,743.5476198396885,50.9599652281092,1.85036760978699,47 placed' Armes,,,Calais,62100,FR,62,"[""47 placed' Armes"", '62100 Calais', 'France']",04 : Gare SNCF,€€
VXNVcBjRHaZuYaEV4fAe4A,le-channel-calais,Le Channel,https://s3-media1.fl.yelpcdn.com/bphoto/ugEmq438EMUbURKXtPvfrA/o.jpg,False,https://www.yelp.com/biz/le-channel-calais?adjust_creative=cBr4t0M-GgBXDDCBqu5SRg&utm_campaign=yelp_api_v3&utm_medium=api_v3_business_search&utm_source=cBr4t0M-GgBXDDCBqu5SRg,14.0,4.5,[],33321344230.0,+33 3 21 34 42 30,832.5758663594992,50.96048,1.84789,3 boulevard de la Résistance,,,Calais,62100,FR,62,"['3 boulevard de la Résistance', '62100 Calais', 'France']",04 : Gare SNCF,€€€€
UDO7uBuvda0rc1R_ke1CDg,du-vignoble-au-verre-calais,Du Vignoble au Verre,https://s3-media3.fl.yelpcdn.com/bphoto/nUujjb6SZPzjjVRnpaN8zQ/o.jpg,False,https://www.yelp.com/biz/du-vignoble-au-verre-calais?adjust_creative=cBr4t0M-GgBXDDCBqu5SRg&utm_campaign=yelp_api_v3&utm_medium=api_v3_business_search&utm_source=cBr4t0M-GgBXDDCBqu5SRg,12.0,4.5,[],33321348329.0,+33 3 21 34 83 29,739.9020462544294,50.9599278,1.8502881,43 place d'Armes,,,Calais,62100,FR,62,"[""43 place d'Armes"", '62100 Calais', 'France']",04 : Gare SNCF,
lHNsezzM3JJCmHZHC4Qaww,tonnerre-de-brest-calais,Tonnerre de Brest,https://s3-media3.fl.yelpcdn.com/bphoto/-u5PwiUKohgA4R9IIjSqdg/o.jpg,False,https://www.yelp.com/biz/tonnerre-de-brest-calais?adjust_creative=cBr4t0M-GgBXDDCBqu5SRg&utm_campaign=yelp_api_v3&utm_medium=api_v3_business_search&utm_source=cBr4t0M-GgBXDDCBqu5SRg,19.0,4.5,[],33321969535.0,+33 3 21 96 95 35,660.8830538873304,50.9592288,1.8505516,16 place d'Armes,,,Calais,62100,FR,62,"[""16 place d'Armes"", '62100 Calais', 'France']",04 : Gare SNCF,€€
hhz0yfrigbgS1JFtL8n32A,the-london-bridge-calais,The London Bridge,https://s3-media2.fl.yelpcdn.com/bphoto/WCcPc-iFkBGxlj2gAj8Knw/o.jpg,False,https://www.yelp.com/biz/the-london-bridge-calais?adjust_creative=cBr4t0M-GgBXDDCBqu5SRg&utm_campaign=yelp_api_v3&utm_medium=api_v3_business_search&utm_source=cBr4t0M-GgBXDDCBqu5SRg,2.0,5.0,[],33321858579.0,+33 3 21 85 85 79,657.301539754665,50.959163,1.850045,12 place d'Armes,,,Calais,62100,FR,62,"[""12 place d'Armes"", '62100 Calais', 'France']",04 : Gare SNCF,
teUmvafQzMflGzwqB0BUxw,la-bigoudène-calais,La Bigoudène,,False,https://www.yelp.com/biz/la-bigoud%C3%A8ne-calais?adjust_creative=cBr4t0M-GgBXDDCBqu5SRg&utm_campaign=yelp_api_v3&utm_medium=api_v3_business_search&utm_source=cBr4t0M-GgBXDDCBqu5SRg,8.0,4.5,[],33321962952.0,+33 3 21 96 29 52,622.5383261573788,50.9588164,1.8497331,22 Rue de la Paix,,,Calais,62100,FR,62,"['22 Rue de la Paix', '62100 Calais', 'France']",04 : Gare SNCF,
NYXv3rwaSw_xN8vjGrVcZA,au-cadre-vert-calais,Au Cadre Vert,https://s3-media2.fl.yelpcdn.com/bphoto/VQXcTzzMZfLMqdV7CRt3Dw/o.jpg,False,https://www.yelp.com/biz/au-cadre-vert-calais?adjust_creative=cBr4t0M-GgBXDDCBqu5SRg&utm_campaign=yelp_api_v3&utm_medium=api_v3_business_search&utm_source=cBr4t0M-GgBXDDCBqu5SRg,8.0,4.5,[],33321346944.0,+33 3 21 34 69 44,643.696171000081,50.9588339,1.8485648,3 rue André Gerschell,,,Calais,62100,FR,62,"['3 rue André Gerschell', '62100 Calais', 'France']",04 : Gare SNCF,€€
2MVl7MddKdkvcBdcTKUvQw,le-vénezia-calais,Le Vénezia,,False,https://www.yelp.com/biz/le-v%C3%A9nezia-calais?adjust_creative=cBr4t0M-GgBXDDCBqu5SRg&utm_campaign=yelp_api_v3&utm_medium=api_v3_business_search&utm_source=cBr4t0M-GgBXDDCBqu5SRg,3.0,4.5,[],33321978010.0,+33 3 21 97 80 10,770.4659112144393,50.9600526,1.8487912,24 Rue Mer,,,Calais,62100,FR,62,"['24 Rue Mer', '62100 Calais', 'France']",04 : Gare SNCF,€€
aecdsKKrDgWlazwj8QSGbw,le-phare-de-calais-calais-2,Le Phare de Calais,https://s3-media3.fl.yelpcdn.com/bphoto/YjCabRkDRvvU-DfiJAvp9g/o.jpg,False,https://www.yelp.com/biz/le-phare-de-calais-calais-2?adjust_creative=cBr4t0M-GgBXDDCBqu5SRg&utm_campaign=yelp_api_v3&utm_medium=api_v3_business_search&utm_source=cBr4t0M-GgBXDDCBqu5SRg,3.0,4.5,[],33321343334.0,+33 3 21 34 33 34,991.532705176993,50.9621077,1.8535174,Place Henri Barbusse,,,Calais,62100,FR,62,"['Place Henri Barbusse', '62100 Calais', 'France']",04 : Gare SNCF,
oZtAibjXjDUIUmYrnB53Hw,au-vieux-fourneau-calais,Au Vieux Fourneau,https://s3-media2.fl.yelpcdn.com/bphoto/X8WlTEF_jjdvHY2PN5BoiA/o.jpg,False,https://www.yelp.com/biz/au-vieux-fourneau-calais?adjust_creative=cBr4t0M-GgBXDDCBqu5SRg&utm_campaign=yelp_api_v3&utm_medium=api_v3_business_search&utm_source=cBr4t0M-GgBXDDCBqu5SRg,3.0,4.5,[],33321346788.0,+33 3 21 34 67 88,367.7132492999714,50.9564836,1.8498407,4 Rue Royale,,,Calais,62100,FR,62,"['4 Rue Royale', '62100 Calais', 'France']",04 : Gare SNCF,
MMufRfu6KuvcqJ6-qXH08Q,histoire-ancienne-calais-2,Histoire Ancienne,https://s3-media2.fl.yelpcdn.com/bphoto/LHyFUvuFjYQcW9FoR5b_QQ/o.jpg,False,https://www.yelp.com/biz/histoire-ancienne-calais-2?adjust_creative=cBr4t0M-GgBXDDCBqu5SRg&utm_campaign=yelp_api_v3&utm_medium=api_v3_business_search&utm_source=cBr4t0M-GgBXDDCBqu5SRg,18.0,4.0,[],33321341120.0,+33 3 21 34 11 20,414.95631711443855,50.9569,1.8497,20 rue Royale,,,Calais,62100,FR,62,"['20 rue Royale', '62100 Calais', 'France']",04 : Gare SNCF,€€€
HmqOjOGWLIWwkXnOUxa4iA,bollywood-brasserie-calais,Bollywood Brasserie,,False,https://www.yelp.com/biz/bollywood-brasserie-calais?adjust_creative=cBr4t0M-GgBXDDCBqu5SRg&utm_campaign=yelp_api_v3&utm_medium=api_v3_business_search&utm_source=cBr4t0M-GgBXDDCBqu5SRg,1.0,5.0,[],33321173335.0,+33 3 21 17 33 35,740.6065890554963,50.9599592,1.8509026,63 place d'Armes,,,Calais,62100,FR,62,"[""63 place d'Armes"", '62100 Calais', 'France']",04 : Gare SNCF,
LILRPF9Ot-zHME5GOqlQjQ,le-fournil-de-la-tour-calais,Le Fournil de la Tour,,False,https://www.yelp.com/biz/le-fournil-de-la-tour-calais?adjust_creative=cBr4t0M-GgBXDDCBqu5SRg&utm_campaign=yelp_api_v3&utm_medium=api_v3_business_search&utm_source=cBr4t0M-GgBXDDCBqu5SRg,1.0,5.0,[],33321007161.0,+33 3 21 00 71 61,727.0334565119533,50.95966,1.84885,5 rue de la Mer,,,Calais,62100,FR,62,"['5 rue de la Mer', '62100 Calais', 'France']",04 : Gare SNCF,€€
GmtwzWLLOjrKDXWgWdtrIw,le-grand-bleu-calais,Le Grand Bleu,https://s3-media4.fl.yelpcdn.com/bphoto/Ej36OE3xEbLoIBcaK8mRZA/o.jpg,False,https://www.yelp.com/biz/le-grand-bleu-calais?adjust_creative=cBr4t0M-GgBXDDCBqu5SRg&utm_campaign=yelp_api_v3&utm_medium=api_v3_business_search&utm_source=cBr4t0M-GgBXDDCBqu5SRg,18.0,4.5,[],33321979798.0,+33 3 21 97 97 98,850.2400204899401,50.9626405,1.851466,8 rue Jean Pierre Avron,Quai de la Colonne,,Calais,62100,FR,62,"['8 rue Jean Pierre Avron', 'Quai de la Colonne', '62100 Calais', 'France']",05 : Richelieu,€€€
jDBjz-qxq1Qo_Zrg2v6_Ig,oh-mouettes-calais,Oh! Mouettes,https://s3-media1.fl.yelpcdn.com/bphoto/mj48-nbYiwh6G4Vb5KsV3A/o.jpg,False,https://www.yelp.com/biz/oh-mouettes-calais?adjust_creative=cBr4t0M-GgBXDDCBqu5SRg&utm_campaign=yelp_api_v3&utm_medium=api_v3_business_search&utm_source=cBr4t0M-GgBXDDCBqu5SRg,6.0,4.5,[],33321346759.0,+33 3 21 34 67 59,857.125047561812,50.9627,1.85151,10 rue Jean-Pierre Avron,,,Calais,62100,FR,62,"['10 rue Jean-Pierre Avron', '62100 Calais', 'France']",05 : Richelieu,€€
hFGGnXVaWxgZWfMjUyjIPQ,au-côte-d-argent-calais,Au Côte d'Argent,https://s3-media1.fl.yelpcdn.com/bphoto/JkeVI10MCkE2pAJZf_jtGg/o.jpg,False,https://www.yelp.com/biz/au-c%C3%B4te-d-argent-calais?adjust_creative=cBr4t0M-GgBXDDCBqu5SRg&utm_campaign=yelp_api_v3&utm_medium=api_v3_business_search&utm_source=cBr4t0M-GgBXDDCBqu5SRg,18.0,4.0,[],33321346807.0,+33 3 21 34 68 07,884.1577215836433,50.9659614,1.8434794,1 Digue Gaston Berthe,,,Calais,62100,FR,62,"['1 Digue Gaston Berthe', '62100 Calais', 'France']",06 : Place d'Armes,€€€
2WsTfT8BUZ6mjhjp3OyQbA,aquar-aile-calais,Aquar'Aile,https://s3-media2.fl.yelpcdn.com/bphoto/qI4ixwHOdsUgeGFUH48efw/o.jpg,False,https://www.yelp.com/biz/aquar-aile-calais?adjust_creative=cBr4t0M-GgBXDDCBqu5SRg&utm_campaign=yelp_api_v3&utm_medium=api_v3_business_search&utm_source=cBr4t0M-GgBXDDCBqu5SRg,18.0,4.5,[],33321340000.0,+33 3 21 34 00 00,935.0956705116306,50.9610917,1.8314403,255 rue Jean Moulin,,,Calais,62100,FR,62,"['255 rue Jean Moulin', '62100 Calais', 'France']",07 : Pluviose,€€€
MB5t-hO7xiOunZm6JTLvfg,a-l-entre-2-mers-calais,A l'Entre 2 Mers,,False,https://www.yelp.com/biz/a-l-entre-2-mers-calais?adjust_creative=cBr4t0M-GgBXDDCBqu5SRg&utm_campaign=yelp_api_v3&utm_medium=api_v3_business_search&utm_source=cBr4t0M-GgBXDDCBqu5SRg,1.0,5.0,[],33321346750.0,+33 3 21 34 67 50,1180.6922045510378,50.9642544,1.8393787,5 Digue Gaston Berthe,,,Calais,62100,FR,62,"['5 Digue Gaston Berthe', '62100 Calais', 'France']",09 : Eglise de Blériot,
z_xLTHQe50zdZ-Za0w04pA,boulangerie-patisserie-de-la-plage-calais,Boulangerie Patisserie de la Plage,,False,https://www.yelp.com/biz/boulangerie-patisserie-de-la-plage-calais?adjust_creative=cBr4t0M-GgBXDDCBqu5SRg&utm_campaign=yelp_api_v3&utm_medium=api_v3_business_search&utm_source=cBr4t0M-GgBXDDCBqu5SRg,2.0,4.5,[],33321974949.0,+33 3 21 97 49 49,1014.4643540336072,50.9626398,1.83815,Mar de Lattre de Tassigny,,,Calais,62100,FR,62,"['Mar de Lattre de Tassigny', '62100 Calais', 'France']",09 : Eglise de Blériot,€€
4CfVk7IXxJCH3ebRMGM7Ag,plage-de-calais-calais,Plage De Calais,https://s3-media3.fl.yelpcdn.com/bphoto/nC8goP_sytNt6o8M2FBCDg/o.jpg,False,https://www.yelp.com/biz/plage-de-calais-calais?adjust_creative=cBr4t0M-GgBXDDCBqu5SRg&utm_campaign=yelp_api_v3&utm_medium=api_v3_business_search&utm_source=cBr4t0M-GgBXDDCBqu5SRg,3.0,3.5,[],,,1186.1559752852208,50.9647162065347,1.83895708449303,9 Digue Gaston Berthe,,,Calais,62100,FR,62,"['9 Digue Gaston Berthe', '62100 Calais', 'France']",09 : Eglise de Blériot,
GzoQGqdNdfquYs_WHN4VKw,le-restaurant-de-la-plage-calais,Le Restaurant de la Plage,,False,https://www.yelp.com/biz/le-restaurant-de-la-plage-calais?adjust_creative=cBr4t0M-GgBXDDCBqu5SRg&utm_campaign=yelp_api_v3&utm_medium=api_v3_business_search&utm_source=cBr4t0M-GgBXDDCBqu5SRg,1.0,3.0,[],33321346464.0,+33 3 21 34 64 64,869.5636024779051,50.963021,1.835325,693 digue Gaston Berthe,,,Calais,62100,FR,62,"['693 digue Gaston Berthe', '62100 Calais', 'France']",09 : Eglise de Blériot,
F60UntRqVNe_iJlNPLcx_A,l-oasis-calais,L'Oasis,https://s3-media2.fl.yelpcdn.com/bphoto/NmMlIW9Me-4Dr-S80oRsnA/o.jpg,False,https://www.yelp.com/biz/l-oasis-calais?adjust_creative=cBr4t0M-GgBXDDCBqu5SRg&utm_campaign=yelp_api_v3&utm_medium=api_v3_business_search&utm_source=cBr4t0M-GgBXDDCBqu5SRg,2.0,2.5,[],33321859926.0,+33 3 21 85 99 26,962.9987336344344,50.96254,1.8374,Rue Marechal de Lattre de Tassigny,,,Calais,62100,FR,62,"['Rue Marechal de Lattre de Tassigny', '62100 Calais', 'France']",09 : Eglise de Blériot,€€
eOaBrtrI2p-oCeTMQBtU6g,m-wok-coquelles,M. Wok,,False,https://www.yelp.com/biz/m-wok-coquelles?adjust_creative=cBr4t0M-GgBXDDCBqu5SRg&utm_campaign=yelp_api_v3&utm_medium=api_v3_business_search&utm_source=cBr4t0M-GgBXDDCBqu5SRg,1.0,5.0,[],33321177204.0,+33 3 21 17 72 04,755.9866315454938,50.9368309864241,1.81093130260706,Place de Cantorbery,,,Coquelles,62100,FR,62,"['Place de Cantorbery', '62100 Coquelles', 'France']",12 : CC La Française,€€
gnMBGzKub-RgoAIFwZrj2Q,flunch-coquelles,Flunch,https://s3-media2.fl.yelpcdn.com/bphoto/UAJmT7DVKJozUZyjRhRTsw/o.jpg,False,https://www.yelp.com/biz/flunch-coquelles?adjust_creative=cBr4t0M-GgBXDDCBqu5SRg&utm_campaign=yelp_api_v3&utm_medium=api_v3_business_search&utm_source=cBr4t0M-GgBXDDCBqu5SRg,3.0,3.5,[],33321355013.0,+33 3 21 35 50 13,1007.120274815225,50.9345718,1.8113657,Boulevard Kent,,,Coquelles,62231,FR,62,"['Boulevard Kent', '62231 Coquelles', 'France']",12 : CC La Française,€€€
A99oBoDCrXGh4vQU7KlqXg,mc-donalds-coquelles,Mc Donald's,,False,https://www.yelp.com/biz/mc-donalds-coquelles?adjust_creative=cBr4t0M-GgBXDDCBqu5SRg&utm_campaign=yelp_api_v3&utm_medium=api_v3_business_search&utm_source=cBr4t0M-GgBXDDCBqu5SRg,2.0,3.5,[],33321857980.0,+33 3 21 85 79 80,1007.120274815225,50.9345718,1.8113657,Boulevard Kent,,,Coquelles,62231,FR,62,"['Boulevard Kent', '62231 Coquelles', 'France']",12 : CC La Française,
OY29AKUiPuKxtG8Sp5DQSA,hertz-france-coquelles,Hertz France,,False,https://www.yelp.com/biz/hertz-france-coquelles?adjust_creative=cBr4t0M-GgBXDDCBqu5SRg&utm_campaign=yelp_api_v3&utm_medium=api_v3_business_search&utm_source=cBr4t0M-GgBXDDCBqu5SRg,1.0,3.0,[],33321828610.0,+33 3 21 82 86 10,1007.120274815225,50.9345718,1.8113657,Boulevard Kent,,,Coquelles,62231,FR,62,"['Boulevard Kent', '62231 Coquelles', 'France']",12 : CC La Française,
yxdYFapqQ6l4YULjMqs40g,grill-courtepaille-calais,Grill Courtepaille,https://s3-media3.fl.yelpcdn.com/bphoto/vD6OY83GvTavQrgbjFBAFA/o.jpg,False,https://www.yelp.com/biz/grill-courtepaille-calais?adjust_creative=cBr4t0M-GgBXDDCBqu5SRg&utm_campaign=yelp_api_v3&utm_medium=api_v3_business_search&utm_source=cBr4t0M-GgBXDDCBqu5SRg,3.0,3.0,[],33321351544.0,+33 3 21 35 15 44,614.0681398973826,50.943018,1.838715,Rue de Tunis,,,Calais,62100,FR,62,"['Rue de Tunis', '62100 Calais', 'France']",17 : Mogador,
T2_yARPp6BhRKfYmbDLp4g,buffalo-grill-restaurant-calais-2,Buffalo Grill Restaurant,https://s3-media2.fl.yelpcdn.com/bphoto/X00aKO-d7xx1u85tQnanwA/o.jpg,False,https://www.yelp.com/biz/buffalo-grill-restaurant-calais-2?adjust_creative=cBr4t0M-GgBXDDCBqu5SRg&utm_campaign=yelp_api_v3&utm_medium=api_v3_business_search&utm_source=cBr4t0M-GgBXDDCBqu5SRg,2.0,3.0,[],33321964070.0,+33 3 21 96 40 70,541.697488233708,50.9444305,1.8230669,Avenue Roger Salengro,,,Calais,62100,FR,62,"['Avenue Roger Salengro', '62100 Calais', 'France']",17 : Mogador,
3ROpJlAb56fB7PyOr3SmMQ,kfc-calais-2,KFC,https://s3-media4.fl.yelpcdn.com/bphoto/jbDUjW3OZHVcFuHGG9suTw/o.jpg,False,https://www.yelp.com/biz/kfc-calais-2?adjust_creative=cBr4t0M-GgBXDDCBqu5SRg&utm_campaign=yelp_api_v3&utm_medium=api_v3_business_search&utm_source=cBr4t0M-GgBXDDCBqu5SRg,3.0,2.5,[],33321000773.0,+33 3 21 00 07 73,627.7996383505033,50.9410690200733,1.8367299503901,Chemin Vert,,,Calais,62100,FR,62,"['Chemin Vert', '62100 Calais', 'France']",17 : Mogador,
2xYLuL5Lrq631p9hkoPUtA,yves-vanacker-calais,Yves Vanacker,,False,https://www.yelp.com/biz/yves-vanacker-calais?adjust_creative=cBr4t0M-GgBXDDCBqu5SRg&utm_campaign=yelp_api_v3&utm_medium=api_v3_business_search&utm_source=cBr4t0M-GgBXDDCBqu5SRg,1.0,1.0,[],33321346461.0,+33 3 21 34 64 61,876.472359783586,50.9464521,1.843053,171 Boulevard Gambetta,,,Calais,62100,FR,62,"['171 Boulevard Gambetta', '62100 Calais', 'France']",17 : Mogador,€€
jvWgefc9K0UFmYH9WTNoFg,la-faim-de-journée-calais-2,La faim de Journée,,False,https://www.yelp.com/biz/la-faim-de-journ%C3%A9e-calais-2?adjust_creative=cBr4t0M-GgBXDDCBqu5SRg&utm_campaign=yelp_api_v3&utm_medium=api_v3_business_search&utm_source=cBr4t0M-GgBXDDCBqu5SRg,1.0,1.0,[],33321973859.0,+33 3 21 97 38 59,892.9259831856077,50.9543,1.9090706,580 rue Marcel Dassault,,,Calais,62100,FR,62,"['580 rue Marcel Dassault', '62100 Calais', 'France']",18 : Piscine patinoire Icéo,
qj4JG4sLmyuD9xzw7EUuRQ,boulangerie-joly-calais-2,Boulangerie Joly,https://s3-media1.fl.yelpcdn.com/bphoto/e9yO8V2rlfhhBVqS7-aQvg/o.jpg,False,https://www.yelp.com/biz/boulangerie-joly-calais-2?adjust_creative=cBr4t0M-GgBXDDCBqu5SRg&utm_campaign=yelp_api_v3&utm_medium=api_v3_business_search&utm_source=cBr4t0M-GgBXDDCBqu5SRg,1.0,5.0,[],33321964559.0,+33 3 21 96 45 59,818.8601526292967,50.9458275,1.8733703,158 Boulevard Egalité,,,Calais,62100,FR,62,"['158 Boulevard Egalité', '62100 Calais', 'France']",20 : IUT,€€€
I-ds93oiMxa8ECfzkG7LWQ,family-pub-calais,Family Pub,,False,https://www.yelp.com/biz/family-pub-calais?adjust_creative=cBr4t0M-GgBXDDCBqu5SRg&utm_campaign=yelp_api_v3&utm_medium=api_v3_business_search&utm_source=cBr4t0M-GgBXDDCBqu5SRg,1.0,5.0,[],33321972276.0,+33 3 21 97 22 76,1010.3282056029144,50.95746,1.84934,33 rue Royale,,,Calais,62100,FR,62,"['33 rue Royale', '62100 Calais', 'France']",21 : Coubertin,
nAVjsHpUJ6mmX99t16w9MQ,le-détroit-calais-2,Le Détroit,https://s3-media2.fl.yelpcdn.com/bphoto/JICrdBUtqvohG2br4wjKSQ/o.jpg,False,https://www.yelp.com/biz/le-d%C3%A9troit-calais-2?adjust_creative=cBr4t0M-GgBXDDCBqu5SRg&utm_campaign=yelp_api_v3&utm_medium=api_v3_business_search&utm_source=cBr4t0M-GgBXDDCBqu5SRg,5.0,4.0,[],33970351011.0,+33 9 70 35 10 11,1007.6210726420302,50.9603303,1.8475871,7 bd Résistance,,,Calais,62100,FR,62,"['7 bd Résistance', '62100 Calais', 'France']",21 : Coubertin,€€
BGtZqAt11EYw1AXDKSIjLw,venezia-calais,Venezia,,False,https://www.yelp.com/biz/venezia-calais?adjust_creative=cBr4t0M-GgBXDDCBqu5SRg&utm_campaign=yelp_api_v3&utm_medium=api_v3_business_search&utm_source=cBr4t0M-GgBXDDCBqu5SRg,7.0,4.0,[],33321978010.0,+33 3 21 97 80 10,1021.967624457415,50.959871,1.848189,24 Rue de la Mer,,,Calais,62100,FR,62,"['24 Rue de la Mer', '62100 Calais', 'France']",21 : Coubertin,
b_5etFSmbFFG_I8uh-QIxg,au-singe-en-hiver-calais,Au Singe En Hiver,,False,https://www.yelp.com/biz/au-singe-en-hiver-calais?adjust_creative=cBr4t0M-GgBXDDCBqu5SRg&utm_campaign=yelp_api_v3&utm_medium=api_v3_business_search&utm_source=cBr4t0M-GgBXDDCBqu5SRg,3.0,4.5,[],33321343414.0,+33 3 21 34 34 14,1029.9994649549012,50.9601402,1.84834,35 rue de la Mer,,,Calais,62100,FR,62,"['35 rue de la Mer', '62100 Calais', 'France']",21 : Coubertin,
EpphVkcInag2AHpgQKTcIQ,la-mer-calais,La Mer,https://s3-media3.fl.yelpcdn.com/bphoto/UTDM4a4p2gHcipMnBKxBvw/o.jpg,False,https://www.yelp.com/biz/la-mer-calais?adjust_creative=cBr4t0M-GgBXDDCBqu5SRg&utm_campaign=yelp_api_v3&utm_medium=api_v3_business_search&utm_source=cBr4t0M-GgBXDDCBqu5SRg,11.0,3.5,[],33321961772.0,+33 3 21 96 17 72,1072.1909436841886,50.9601572,1.8487667,30 rue de la Mer,,,Calais,62100,FR,62,"['30 rue de la Mer', '62100 Calais', 'France']",21 : Coubertin,€€
PFUWUmccqk_EJe0f7oP9aw,café-de-la-tour-calais-2,Café de la Tour,https://s3-media3.fl.yelpcdn.com/bphoto/rYEKnsMrhWDCbs9eUQTSow/o.jpg,False,https://www.yelp.com/biz/caf%C3%A9-de-la-tour-calais-2?adjust_creative=cBr4t0M-GgBXDDCBqu5SRg&utm_campaign=yelp_api_v3&utm_medium=api_v3_business_search&utm_source=cBr4t0M-GgBXDDCBqu5SRg,11.0,3.5,[],33321345014.0,+33 3 21 34 50 14,1029.843147341972,50.9591598636643,1.84878350674592,5 place Armes,,,Calais,62100,FR,62,"['5 place Armes', '62100 Calais', 'France']",21 : Coubertin,
sdsD9ecekgt-kStCwlWNrg,le-milano-calais-2,Le Milano,https://s3-media3.fl.yelpcdn.com/bphoto/LPMuoJuOQba7WiAokWgLxw/o.jpg,False,https://www.yelp.com/biz/le-milano-calais-2?adjust_creative=cBr4t0M-GgBXDDCBqu5SRg&utm_campaign=yelp_api_v3&utm_medium=api_v3_business_search&utm_source=cBr4t0M-GgBXDDCBqu5SRg,10.0,3.5,[],33321344120.0,+33 3 21 34 41 20,1063.3164951161402,50.959575,1.8490401,14 place d'Armes,,,Calais,62100,FR,62,"[""14 place d'Armes"", '62100 Calais', 'France']",21 : Coubertin,€€
kmkp-7qNDcp_UXWmL65X2A,la-kabylie-calais,La Kabylie,,False,https://www.yelp.com/biz/la-kabylie-calais?adjust_creative=cBr4t0M-GgBXDDCBqu5SRg&utm_campaign=yelp_api_v3&utm_medium=api_v3_business_search&utm_source=cBr4t0M-GgBXDDCBqu5SRg,9.0,3.5,[],33321349121.0,+33 3 21 34 91 21,1019.0627561925678,50.960125,1.847945,38 Rue de la Mer,,,Calais,62100,FR,62,"['38 Rue de la Mer', '62100 Calais', 'France']",21 : Coubertin,€€
U_E0Zu0_b2FU0Y8ChfnU2w,l-etable-calais,L'Etable,https://s3-media1.fl.yelpcdn.com/bphoto/lAarLD0rG_UjFDH7S3T-fQ/o.jpg,False,https://www.yelp.com/biz/l-etable-calais?adjust_creative=cBr4t0M-GgBXDDCBqu5SRg&utm_campaign=yelp_api_v3&utm_medium=api_v3_business_search&utm_source=cBr4t0M-GgBXDDCBqu5SRg,1.0,5.0,[],33321962840.0,+33 3 21 96 28 40,987.7774259595468,50.95922,1.85143,24 place d'Armes,,,Calais,62100,FR,62,"[""24 place d'Armes"", '62100 Calais', 'France']",22 : Diderot,
_l-gi7m4TYYM5LyrDFzcUQ,pop-rock-bar-calais,Pop Rock Bar,https://s3-media2.fl.yelpcdn.com/bphoto/kanXUOe4lJziL4g0nXpl_A/o.jpg,False,https://www.yelp.com/biz/pop-rock-bar-calais?adjust_creative=cBr4t0M-GgBXDDCBqu5SRg&utm_campaign=yelp_api_v3&utm_medium=api_v3_business_search&utm_source=cBr4t0M-GgBXDDCBqu5SRg,1.0,5.0,[],33673967693.0,+33 6 73 96 76 93,1072.340906695527,50.9599915,1.85067,59 Place d'Armes,,,Calais,62100,FR,62,"[""59 Place d'Armes"", '62100 Calais', 'France']",22 : Diderot,
4gIaOswHjhjW62dZRXVfqQ,marrakech-calais,Marrakech,https://s3-media1.fl.yelpcdn.com/bphoto/JOckaSmhcMmUzMe8RaK7Gg/o.jpg,False,https://www.yelp.com/biz/marrakech-calais?adjust_creative=cBr4t0M-GgBXDDCBqu5SRg&utm_campaign=yelp_api_v3&utm_medium=api_v3_business_search&utm_source=cBr4t0M-GgBXDDCBqu5SRg,1.0,5.0,[],33361310470.0,+33 3 61 31 04 70,1089.391652467376,50.96081,1.85104,28 bd des Alliés,,,Calais,62100,FR,62,"['28 bd des Alliés', '62100 Calais', 'France']",22 : Diderot,
V-MndHu0p8z81tq0PP8Szw,le-piano-dans-la-cuisine-calais,Le Piano dans la Cuisine,,False,https://www.yelp.com/biz/le-piano-dans-la-cuisine-calais?adjust_creative=cBr4t0M-GgBXDDCBqu5SRg&utm_campaign=yelp_api_v3&utm_medium=api_v3_business_search&utm_source=cBr4t0M-GgBXDDCBqu5SRg,2.0,4.5,[],33321859064.0,+33 3 21 85 90 64,985.6905339059724,50.960265,1.852317,Rue de therme,,,Calais,62100,FR,62,"['Rue de therme', '62100 Calais', 'France']",22 : Diderot,€€
o_Us4A9pIRRqGq-gkxMkuQ,les-coulisses-calais-3,Les Coulisses,,False,https://www.yelp.com/biz/les-coulisses-calais-3?adjust_creative=cBr4t0M-GgBXDDCBqu5SRg&utm_campaign=yelp_api_v3&utm_medium=api_v3_business_search&utm_source=cBr4t0M-GgBXDDCBqu5SRg,4.0,4.0,[],33321344662.0,+33 3 21 34 46 62,1072.4701571971996,50.9598905,1.8505877,55 Place d'Armes,,,Calais,62100,FR,62,"[""55 Place d'Armes"", '62100 Calais', 'France']",22 : Diderot,
7MDmxVHQE8_GovOtaWGhjw,mcdonalds-calais-2,McDonald's,https://s3-media2.fl.yelpcdn.com/bphoto/KumVsjqoR9YIRP2AV58Bwg/o.jpg,False,https://www.yelp.com/biz/mcdonalds-calais-2?adjust_creative=cBr4t0M-GgBXDDCBqu5SRg&utm_campaign=yelp_api_v3&utm_medium=api_v3_business_search&utm_source=cBr4t0M-GgBXDDCBqu5SRg,2.0,3.0,[],33321851102.0,+33 3 21 85 11 02,393.71800238724,50.936949,1.861324,Sortie 44 Saint Pierre,,ZAC Curie,Calais,62100,FR,62,"['Sortie 44 Saint Pierre', 'ZAC Curie', '62100 Calais', 'France']",25 : Copernic,
Aq59QRMwdDIrf05Ff7ROLA,memphis-coffee-calais,Memphis Coffee,https://s3-media3.fl.yelpcdn.com/bphoto/FqFUhdXfgHENx_O0O97PYQ/o.jpg,False,https://www.yelp.com/biz/memphis-coffee-calais?adjust_creative=cBr4t0M-GgBXDDCBqu5SRg&utm_campaign=yelp_api_v3&utm_medium=api_v3_business_search&utm_source=cBr4t0M-GgBXDDCBqu5SRg,1.0,2.0,[],33321369465.0,+33 3 21 36 94 65,351.1934114895505,50.9373439791108,1.86157684002494,ZAC Curie,225 rue Chevreuil,,Calais,62100,FR,62,"['ZAC Curie', '225 rue Chevreuil', '62100 Calais', 'France']",25 : Copernic,€€
Bu6cntCKtZMmPKiGLrWdbA,pegast-coquelles-2,Pegast,https://s3-media2.fl.yelpcdn.com/bphoto/KrKjKXHQthtY1ccisaaddg/o.jpg,False,https://www.yelp.com/biz/pegast-coquelles-2?adjust_creative=cBr4t0M-GgBXDDCBqu5SRg&utm_campaign=yelp_api_v3&utm_medium=api_v3_business_search&utm_source=cBr4t0M-GgBXDDCBqu5SRg,1.0,5.0,[],33321351335.0,+33 3 21 35 13 35,784.5670626217079,50.93405,1.81047,127 bd du Kent,,,Coquelles,62231,FR,62,"['127 bd du Kent', '62231 Coquelles', 'France']",28 : Coquelles - Charles de Gaulle,
e8xo-UQVsBsyAtjHfbBScA,la-tagliatella-coquelles,La Tagliatella,https://s3-media1.fl.yelpcdn.com/bphoto/N2Jon3IlYKa77upB3BVEqg/o.jpg,False,https://www.yelp.com/biz/la-tagliatella-coquelles?adjust_creative=cBr4t0M-GgBXDDCBqu5SRg&utm_campaign=yelp_api_v3&utm_medium=api_v3_business_search&utm_source=cBr4t0M-GgBXDDCBqu5SRg,4.0,4.5,[],33321366048.0,+33 3 21 36 60 48,815.6154994439834,50.9336018,1.8108188,1001 bd du Kent,,,Coquelles,62231,FR,62,"['1001 bd du Kent', '62231 Coquelles', 'France']",28 : Coquelles - Charles de Gaulle,€€
DufTyOlcupNFLRuFGFogUA,le-dragon-coquelles,Le Dragon,https://s3-media1.fl.yelpcdn.com/bphoto/1RVEPkftE0HLsdfSaepFKQ/o.jpg,False,https://www.yelp.com/biz/le-dragon-coquelles?adjust_creative=cBr4t0M-GgBXDDCBqu5SRg&utm_campaign=yelp_api_v3&utm_medium=api_v3_business_search&utm_source=cBr4t0M-GgBXDDCBqu5SRg,5.0,3.5,[],33321369508.0,+33 3 21 36 95 08,692.4857425740896,50.93264,1.8086,Boulevard Europe,,,Coquelles,62231,FR,62,"['Boulevard Europe', '62231 Coquelles', 'France']",28 : Coquelles - Charles de Gaulle,
4J4AeI9rESpxyE1WwqoVsQ,grand-place-coquelles,Grand Place,,False,https://www.yelp.com/biz/grand-place-coquelles?adjust_creative=cBr4t0M-GgBXDDCBqu5SRg&utm_campaign=yelp_api_v3&utm_medium=api_v3_business_search&utm_source=cBr4t0M-GgBXDDCBqu5SRg,2.0,4.0,[],33321859430.0,+33 3 21 85 94 30,544.2567898585243,50.934077,1.807018,1001 Boulevard Kent - Cité Europe,,,Coquelles,62231,FR,62,"['1001 Boulevard Kent - Cité Europe', '62231 Coquelles', 'France']",28 : Coquelles - Charles de Gaulle,
tajez6S32tm806qWMPp9ow,l-omelette-gourmande-coquelles,L'Omelette Gourmande,,False,https://www.yelp.com/biz/l-omelette-gourmande-coquelles?adjust_creative=cBr4t0M-GgBXDDCBqu5SRg&utm_campaign=yelp_api_v3&utm_medium=api_v3_business_search&utm_source=cBr4t0M-GgBXDDCBqu5SRg,3.0,3.5,[],33321009498.0,+33 3 21 00 94 98,544.2567898585243,50.934077,1.807018,Boulevard Kent - Cité Europe,,,Coquelles,62231,FR,62,"['Boulevard Kent - Cité Europe', '62231 Coquelles', 'France']",28 : Coquelles - Charles de Gaulle,
E7O9H2T6o7ux79bRsQaAZQ,le-vieux-carré-coquelles-2,Le Vieux Carré,,False,https://www.yelp.com/biz/le-vieux-carr%C3%A9-coquelles-2?adjust_creative=cBr4t0M-GgBXDDCBqu5SRg&utm_campaign=yelp_api_v3&utm_medium=api_v3_business_search&utm_source=cBr4t0M-GgBXDDCBqu5SRg,1.0,3.0,[],33321859418.0,+33 3 21 85 94 18,805.3962468259753,50.9335559,1.8106583,Avenue Kent - Cité Europe,,,Coquelles,62231,FR,62,"['Avenue Kent - Cité Europe', '62231 Coquelles', 'France']",28 : Coquelles - Charles de Gaulle,
8CUcMxUZ5LBI-7IkG3geBw,john-pull-pub-coquelles,John Pull Pub,,False,https://www.yelp.com/biz/john-pull-pub-coquelles?adjust_creative=cBr4t0M-GgBXDDCBqu5SRg&utm_campaign=yelp_api_v3&utm_medium=api_v3_business_search&utm_source=cBr4t0M-GgBXDDCBqu5SRg,1.0,3.0,[],33321820864.0,+33 3 21 82 08 64,544.2567898585243,50.934077,1.807018,Boulevard Kent - Cité Europe,,,Coquelles,62231,FR,62,"['Boulevard Kent - Cité Europe', '62231 Coquelles', 'France']",28 : Coquelles - Charles de Gaulle,
djmjHhwq87cKp36-WRETJg,le-comptoir-du-malt-coquelles,Le Comptoir du Malt,,False,https://www.yelp.com/biz/le-comptoir-du-malt-coquelles?adjust_creative=cBr4t0M-GgBXDDCBqu5SRg&utm_campaign=yelp_api_v3&utm_medium=api_v3_business_search&utm_source=cBr4t0M-GgBXDDCBqu5SRg,1.0,1.0,[],33321859056.0,+33 3 21 85 90 56,831.1464764087157,50.933049,1.810865,1001 Boulevard du Kent,Cité de l''Europe,,Coquelles,62231,FR,62,"['1001 Boulevard du Kent', ""Cité de l''Europe"", '62231 Coquelles', 'France']",28 : Coquelles - Charles de Gaulle,
ykxKZx-znVK0iw6kPes-aQ,tutti-quanti-coquelles,Tutti Quanti,https://s3-media3.fl.yelpcdn.com/bphoto/0i4ss_QLeTHl2spIJVmAcA/o.jpg,False,https://www.yelp.com/biz/tutti-quanti-coquelles?adjust_creative=cBr4t0M-GgBXDDCBqu5SRg&utm_campaign=yelp_api_v3&utm_medium=api_v3_business_search&utm_source=cBr4t0M-GgBXDDCBqu5SRg,1.0,1.0,[],33321357092.0,+33 3 21 35 70 92,770.187083103211,50.9309077,1.8084157,Boulevard Europe,,,Coquelles,62231,FR,62,"['Boulevard Europe', '62231 Coquelles', 'France']",28 : Coquelles - Charles de Gaulle,
lTMi2CO4k-IjFX4t3Rk6XA,le-blanc-nez-sangatte-2,Le Blanc Nez,https://s3-media2.fl.yelpcdn.com/bphoto/TJW2sHJFswpakQi0-6p33g/o.jpg,False,https://www.yelp.com/biz/le-blanc-nez-sangatte-2?adjust_creative=cBr4t0M-GgBXDDCBqu5SRg&utm_campaign=yelp_api_v3&utm_medium=api_v3_business_search&utm_source=cBr4t0M-GgBXDDCBqu5SRg,6.0,4.5,[],33321820053.0,+33 3 21 82 00 53,939.8387283900348,50.9438066466629,1.74566581653289,2281 Route Nationale,,,Sangatte,62231,FR,62,"['2281 Route Nationale', '62231 Sangatte', 'France']",29 : Sangatte - Mairie,€€€
nUxv4bEvE9XodVq3ggGDkQ,le-cappucino-coquelles,Le Cappucino,,False,https://www.yelp.com/biz/le-cappucino-coquelles?adjust_creative=cBr4t0M-GgBXDDCBqu5SRg&utm_campaign=yelp_api_v3&utm_medium=api_v3_business_search&utm_source=cBr4t0M-GgBXDDCBqu5SRg,6.0,3.5,[],33321859366.0,+33 3 21 85 93 66,431.9708487706813,50.922672,1.882936,Cité Europe,,,Coquelles,62231,FR,62,"['Cité Europe', '62231 Coquelles', 'France']",30 : Coulogne - Eglise,
UwUpm3sS41NTJi1hx_dl8w,le-tutti-quanti-coquelles,Le Tutti Quanti,,False,https://www.yelp.com/biz/le-tutti-quanti-coquelles?adjust_creative=cBr4t0M-GgBXDDCBqu5SRg&utm_campaign=yelp_api_v3&utm_medium=api_v3_business_search&utm_source=cBr4t0M-GgBXDDCBqu5SRg,2.0,3.5,[],33321357092.0,+33 3 21 35 70 92,431.9708487706813,50.922672,1.882936,Cité Europe,,,Coquelles,62231,FR,62,"['Cité Europe', '62231 Coquelles', 'France']",30 : Coulogne - Eglise,
HBHqo5jPYByPOA_JN8mdcQ,estaminet-les-aigrettes-marck,Estaminet les Aigrettes,https://s3-media2.fl.yelpcdn.com/bphoto/zin5VTpzDbfDL1B-zGOsPA/o.jpg,False,https://www.yelp.com/biz/estaminet-les-aigrettes-marck?adjust_creative=cBr4t0M-GgBXDDCBqu5SRg&utm_campaign=yelp_api_v3&utm_medium=api_v3_business_search&utm_source=cBr4t0M-GgBXDDCBqu5SRg,1.0,5.0,[],33321172260.0,+33 3 21 17 22 60,683.7466703172214,50.9567175708605,1.92704144865274,191 allée de la Découverte,,,Marck,62730,FR,62,"['191 allée de la Découverte', '62730 Marck', 'France']",33 : Marck - Stade,
1n3T_zdyvI1lMlNfUKjbmQ,casino-le-touquets-calais-2,Casino Le Touquet's,,False,https://www.yelp.com/biz/casino-le-touquets-calais-2?adjust_creative=cBr4t0M-GgBXDDCBqu5SRg&utm_campaign=yelp_api_v3&utm_medium=api_v3_business_search&utm_source=cBr4t0M-GgBXDDCBqu5SRg,3.0,3.5,[],33321191666.0,+33 3 21 19 16 66,1001.3411785802716,50.9583428,1.8487481,57 Rue Royale,,,Calais,62100,FR,62,"['57 Rue Royale', '62100 Calais', 'France']",36 : Conservatoire,
Qh0ndUw6m_HOOuNJXrS4PQ,le-grand-large-calais,Le Grand Large,https://s3-media1.fl.yelpcdn.com/bphoto/e1Fjb-ebtv0YrfQIN2kCIA/o.jpg,False,https://www.yelp.com/biz/le-grand-large-calais?adjust_creative=cBr4t0M-GgBXDDCBqu5SRg&utm_campaign=yelp_api_v3&utm_medium=api_v3_business_search&utm_source=cBr4t0M-GgBXDDCBqu5SRg,1.0,4.0,[],33321346750.0,+33 3 21 34 67 50,1039.748690299063,50.96554,1.84331,5 digue Gaston Berthe,,,Calais,62100,FR,62,"['5 digue Gaston Berthe', '62100 Calais', 'France']",40 : Camping de Calais,
NcdZiRQMdtpxDQx1maythw,l-alexandra-calais,L'Alexandra,,False,https://www.yelp.com/biz/l-alexandra-calais?adjust_creative=cBr4t0M-GgBXDDCBqu5SRg&utm_campaign=yelp_api_v3&utm_medium=api_v3_business_search&utm_source=cBr4t0M-GgBXDDCBqu5SRg,1.0,4.0,[],33321858520.0,+33 3 21 85 85 20,1059.9691877986036,50.965737,1.843412,1 Digue Gaston Berthe,,,Calais,62100,FR,62,"['1 Digue Gaston Berthe', '62100 Calais', 'France']",40 : Camping de Calais,
c2AG6wYZOD2pN0NO1_mnqQ,le-petit-baigneur-calais,Le Petit Baigneur,,False,https://www.yelp.com/biz/le-petit-baigneur-calais?adjust_creative=cBr4t0M-GgBXDDCBqu5SRg&utm_campaign=yelp_api_v3&utm_medium=api_v3_business_search&utm_source=cBr4t0M-GgBXDDCBqu5SRg,2.0,2.5,[],33321345714.0,+33 3 21 34 57 14,902.3560697408813,50.96432,1.8424,97 Rue Mar De Lattre De Tassigny,,,Calais,62100,FR,62,"['97 Rue Mar De Lattre De Tassigny', '62100 Calais', 'France']",40 : Camping de Calais,
r2NSAdpmY-cqNesFr37nsA,le-sybilien-calais,Le Sybilien,,False,https://www.yelp.com/biz/le-sybilien-calais?adjust_creative=cBr4t0M-GgBXDDCBqu5SRg&utm_campaign=yelp_api_v3&utm_medium=api_v3_business_search&utm_source=cBr4t0M-GgBXDDCBqu5SRg,1.0,1.0,[],33321976500.0,+33 3 21 97 65 00,1078.2975445194113,50.966478,1.84256,9 Digue Gaston Berthe,,,Calais,62100,FR,62,"['9 Digue Gaston Berthe', '62100 Calais', 'France']",40 : Camping de Calais,
wn_Et6kI7DvNuR0TohaR8w,au-coq-d-or-calais-2,Au Coq D'Or,https://s3-media3.fl.yelpcdn.com/bphoto/QOkw_-pjyPmsbYtiu9P9Lg/o.jpg,False,https://www.yelp.com/biz/au-coq-d-or-calais-2?adjust_creative=cBr4t0M-GgBXDDCBqu5SRg&utm_campaign=yelp_api_v3&utm_medium=api_v3_business_search&utm_source=cBr4t0M-GgBXDDCBqu5SRg,13.0,4.0,[],33321347905.0,+33 3 21 34 79 05,1160.715951692685,50.95976,1.84995,31 Place Armes,,,Calais,62100,FR,62,"['31 Place Armes', '62100 Calais', 'France']",42 : Terminal Transmanche,€€
12zcTN7VQkJJ1NfLlWybrQ,au-café-de-paris-calais,Au Café de Paris,https://s3-media1.fl.yelpcdn.com/bphoto/MCJ68Ixiu-dFoLM2wDhw-g/o.jpg,False,https://www.yelp.com/biz/au-caf%C3%A9-de-paris-calais?adjust_creative=cBr4t0M-GgBXDDCBqu5SRg&utm_campaign=yelp_api_v3&utm_medium=api_v3_business_search&utm_source=cBr4t0M-GgBXDDCBqu5SRg,25.0,4.0,[],33321347684.0,+33 3 21 34 76 84,1260.9162973650375,50.95857,1.84945,72 rue Royale,,,Calais,62100,FR,62,"['72 rue Royale', '62100 Calais', 'France']",42 : Terminal Transmanche,€€
kEqfL9cBajOxhHL0OlqmWA,l-ardoise-calais,L'Ardoise,,False,https://www.yelp.com/biz/l-ardoise-calais?adjust_creative=cBr4t0M-GgBXDDCBqu5SRg&utm_campaign=yelp_api_v3&utm_medium=api_v3_business_search&utm_source=cBr4t0M-GgBXDDCBqu5SRg,2.0,4.5,[],33321366413.0,+33 3 21 36 64 13,1171.385537302744,50.9597702,1.8496701,29 place d'Armes,,,Calais,62100,FR,62,"[""29 place d'Armes"", '62100 Calais', 'France']",42 : Terminal Transmanche,€€
KY-C3LzjBMJKuQKSzeNIlA,la-ferme-gourmande-guînes,La Ferme Gourmande,,False,https://www.yelp.com/biz/la-ferme-gourmande-gu%C3%AEnes?adjust_creative=cBr4t0M-GgBXDDCBqu5SRg&utm_campaign=yelp_api_v3&utm_medium=api_v3_business_search&utm_source=cBr4t0M-GgBXDDCBqu5SRg,3.0,3.0,[],33321357821.0,+33 3 21 35 78 21,1056.7827953399842,50.859372,1.857466,Avenue de Verdun,,,Guînes,62340,FR,62,"['Avenue de Verdun', '62340 Guînes', 'France']",52 : 4 Vents,
